﻿city,city_ascii,latitude,longitude,country,iso2,iso3,admin_name,capital,population
New York,New York,40.6943,-73.9249,United States,US,USA,New York,,19354922
Los Angeles,Los Angeles,34.1139,-118.4068,United States,US,USA,California,,12815475
Chicago,Chicago,41.8373,-87.6862,United States,US,USA,Illinois,,8675982
Miami,Miami,25.7839,-80.2102,United States,US,USA,Florida,,6381966
Dallas,Dallas,32.7936,-96.7662,United States,US,USA,Texas,,5733259
Philadelphia,Philadelphia,40.0077,-75.1339,United States,US,USA,Pennsylvania,,5637884
Houston,Houston,29.7869,-95.3905,United States,US,USA,Texas,,5446468
Washington,Washington,38.9047,-77.0163,United States,US,USA,District of Columbia,primary,5289420
Atlanta,Atlanta,33.7627,-84.4225,United States,US,USA,Georgia,admin,5228750
Boston,Boston,42.3188,-71.0846,United States,US,USA,Massachusetts,admin,4637537
Phoenix,Phoenix,33.5722,-112.0891,United States,US,USA,Arizona,admin,4081849
Sydney,Sydney,-33.92,151.1852,Australia,AU,AUS,New South Wales,admin,4630000
Melbourne,Melbourne,-37.82,144.975,Australia,AU,AUS,Victoria,admin,4170000
Brisbane,Brisbane,-27.455,153.0351,Australia,AU,AUS,Queensland,admin,1860000
Perth,Perth,-31.955,115.84,Australia,AU,AUS,Western Australia,admin,1532000
Adelaide,Adelaide,-34.935,138.6,Australia,AU,AUS,South Australia,admin,1145000
Shanghai,Shanghai,31.2165,121.4365,China,CN,CHN,Shanghai,admin,14987000
Beijing,Beijing,39.9289,116.3883,China,CN,CHN,Beijing,primary,11106000
Guangzhou,Guangzhou,23.145,113.325,China,CN,CHN,Guangdong,admin,8829000
Shenzhen,Shenzhen,22.5524,114.1221,China,CN,CHN,Guangdong,minor,7581000
Wuhan,Wuhan,30.58,114.27,China,CN,CHN,Hubei,admin,7243000
Jakarta,Jakarta,-6.1744,106.8294,Indonesia,ID,IDN,Jakarta,primary,9125000
Surabaya,Surabaya,-7.2492,112.7508,Indonesia,ID,IDN,Jawa Timur,admin,2845000
Bandung,Bandung,-6.95,107.57,Indonesia,ID,IDN,Jawa Barat,admin,2394000
Berlin,Berlin,52.5218,13.4015,Germany,DE,DEU,Berlin,primary,3406000
Stuttgart,Stuttgart,48.78,9.2,Germany,DE,DEU,Baden-Württemberg,admin,2944700
Frankfurt,Frankfurt,50.1,8.675,Germany,DE,DEU,Hesse,minor,2895000
Mannheim,Mannheim,49.5004,8.47,Germany,DE,DEU,Baden-Württemberg,minor,2362000
Mumbai,Mumbai,19.017,72.857,India,IN,IND,Mahārāshtra,admin,18978000
Delhi,Delhi,28.67,77.23,India,IN,IND,Delhi,admin,15926000
Kolkata,Kolkata,22.495,88.3247,India,IN,IND,West Bengal,admin,14787000
